Algo,TP,FN,TN,FP,Sensitivity,Specificity,Accuracy
Polyphen,7,0,16,10,1.0,0.6153846153846154,0.696969696969697
Provean,7,0,22,4,1.0,0.8461538461538461,0.8787878787878788
SIFT,6,1,23,3,0.8571428571428571,0.8846153846153846,0.8787878787878788
Straight_no_uncert,4,1,24,0,0.8,1.0,0.9655172413793104
Straight_with_uncert,4,3,24,2,0.5714285714285714,0.9230769230769231,0.8484848484848485
Saver,7,0,19,7,1.0,0.7307692307692307,0.7878787878787878
