Algo,TP,FN,TN,FP,Sensitivity,Specificity,Accuracy
Polyphen,6,0,14,13,1.0,0.5185185185185185,0.6060606060606061
Provean,6,0,18,9,1.0,0.6666666666666666,0.7272727272727273
SIFT,3,3,21,6,0.5,0.7777777777777778,0.7272727272727273
Straight_no_uncert,4,1,23,2,0.8,0.92,0.9
Straight_with_uncert,4,2,23,4,0.6666666666666666,0.8518518518518519,0.8181818181818182
Saver,6,0,14,13,1.0,0.5185185185185185,0.6060606060606061
