Algo,TP,FN,TN,FP,Sensitivity,Specificity,Accuracy
Polyphen,129,0,19,18,1.0,0.5135135135135135,0.891566265060241
Provean,120,9,23,14,0.9302325581395349,0.6216216216216216,0.8614457831325302
SIFT,118,11,22,15,0.9147286821705426,0.5945945945945946,0.8433734939759037
Straight_no_uncert,123,1,11,17,0.9919354838709677,0.39285714285714285,0.881578947368421
Straight_with_uncert,123,6,11,26,0.9534883720930233,0.2972972972972973,0.8072289156626506
